marker_id,source_commit,source_path,source_line,marker_type,lexical_value,containing_procedure,conditional_compilation_context,interpretation_status
CZMRK-0001,397d01199c321e774edaf23a7290fee40f75c6a6,src/Apps/CZ/CoreLocalizationPack/app/Src/Codeunits/AccSchedExtensionMgtCZL.Codeunit.al,542,MutableControlParameter,IsHandled,OnFindSharedAccountScheduleOnBeforeCalcAccSchedLineCellValue,,Not Evaluated
CZMRK-0002,397d01199c321e774edaf23a7290fee40f75c6a6,src/Apps/CZ/CoreLocalizationPack/app/Src/Codeunits/AccScheduleManagementCZL.Codeunit.al,39,MutableControlParameter,IsHandled,PrintAccScheduleByType,,Not Evaluated
CZMRK-0003,397d01199c321e774edaf23a7290fee40f75c6a6,src/Apps/CZ/CoreLocalizationPack/app/Src/Codeunits/AccScheduleManagementCZL.Codeunit.al,67,MutableControlParameter,IsHandled,AccScheduleOverviewOnBeforePrint,,Not Evaluated
CZMRK-0004,397d01199c321e774edaf23a7290fee40f75c6a6,src/Apps/CZ/CoreLocalizationPack/app/Src/Codeunits/AccScheduleManagementCZL.Codeunit.al,137,MutableControlParameter,IsHandled,ExtendedOnBeforeDrillDownOnGLAccount,,Not Evaluated
CZMRK-0005,397d01199c321e774edaf23a7290fee40f75c6a6,src/Apps/CZ/CoreLocalizationPack/app/Src/Codeunits/AccScheduleManagementCZL.Codeunit.al,144,MutableControlParameter,IsHandled,ExtendedOnCalcCellValueInAccSchedLinesOnBeforeShowError,,Not Evaluated
CZMRK-0006,397d01199c321e774edaf23a7290fee40f75c6a6,src/Apps/CZ/CoreLocalizationPack/app/Src/Codeunits/AccScheduleManagementCZL.Codeunit.al,151,MutableControlParameter,IsHandled,ExtendedOnBeforeDrillDownFromOverviewPage,,Not Evaluated
CZMRK-0007,397d01199c321e774edaf23a7290fee40f75c6a6,src/Apps/CZ/CoreLocalizationPack/app/Src/Codeunits/AccScheduleManagementCZL.Codeunit.al,194,MutableControlParameter,IsHandled,CreateIncomeStatementCZOnCreateIncomeStatementOnAfterCreateCOGSGroup,,Not Evaluated
CZMRK-0008,397d01199c321e774edaf23a7290fee40f75c6a6,src/Apps/CZ/CoreLocalizationPack/app/Src/Codeunits/AccScheduleManagementCZL.Codeunit.al,340,MutableControlParameter,IsHandled,OnBeforePrintAccScheduleByType,,Not Evaluated
CZMRK-0009,397d01199c321e774edaf23a7290fee40f75c6a6,src/Apps/CZ/CoreLocalizationPack/app/Src/Codeunits/AccScheduleManagementCZL.Codeunit.al,345,MutableControlParameter,IsHandled,OnBeforeAccScheduleOverviewOnBeforePrint,,Not Evaluated
CZMRK-0010,397d01199c321e774edaf23a7290fee40f75c6a6,src/Apps/CZ/CoreLocalizationPack/app/Src/Codeunits/AccScheduleManagementCZL.Codeunit.al,350,MutableControlParameter,IsHandled,OnTotalingOnAfterValidateEventOnBeforeValidateFormula,,Not Evaluated
CZMRK-0011,397d01199c321e774edaf23a7290fee40f75c6a6,src/Apps/CZ/CoreLocalizationPack/app/Src/Codeunits/ApprovalsManagementCZL.Codeunit.al,45,MutableControlParameter,IsHandled,OnSetStatusToApproved,,Not Evaluated
CZMRK-0012,397d01199c321e774edaf23a7290fee40f75c6a6,src/Apps/CZ/CoreLocalizationPack/app/Src/Codeunits/CNBCurrExchRateMgtCZL.Codeunit.al,36,CommitCall,Commit(,SetupCurrencyExchangeRateServiceOnBeforeSetupCurrencyExchRateService,,Not Evaluated
CZMRK-0013,397d01199c321e774edaf23a7290fee40f75c6a6,src/Apps/CZ/CoreLocalizationPack/app/Src/Codeunits/CNBCurrExchRateMgtCZL.Codeunit.al,63,CommitCall,Commit(,SetupCNBDataExchange,,Not Evaluated
CZMRK-0014,397d01199c321e774edaf23a7290fee40f75c6a6,src/Apps/CZ/CoreLocalizationPack/app/Src/Codeunits/ConfVATEntUpdateMgtCZL.Codeunit.al,45,MutableControlParameter,IsHandled,OnBeforeGuiAllowed,,Not Evaluated
CZMRK-0015,397d01199c321e774edaf23a7290fee40f75c6a6,src/Apps/CZ/CoreLocalizationPack/app/Src/Codeunits/CorrectionsPostingMgtCZL.Codeunit.al,39,MutableControlParameter,IsHandled,SetDebitCreditAmtOnBeforeUpdateRecurringAmt,,Not Evaluated
CZMRK-0016,397d01199c321e774edaf23a7290fee40f75c6a6,src/Apps/CZ/CoreLocalizationPack/app/Src/Codeunits/CorrectionsPostingMgtCZL.Codeunit.al,139,MutableControlParameter,IsHandled,InitInvtPostBufOnBeforeBufferPurchPosting,,Not Evaluated
CZMRK-0017,397d01199c321e774edaf23a7290fee40f75c6a6,src/Apps/CZ/CoreLocalizationPack/app/Src/Codeunits/CorrectionsPostingMgtCZL.Codeunit.al,183,MutableControlParameter,IsHandled,InitInvtPostBufOnBeforeBufferSalesPosting,,Not Evaluated
CZMRK-0018,397d01199c321e774edaf23a7290fee40f75c6a6,src/Apps/CZ/CoreLocalizationPack/app/Src/Codeunits/CorrectionsPostingMgtCZL.Codeunit.al,225,MutableControlParameter,IsHandled,InitInvtPostBufOnBeforeBufferOutputPosting,,Not Evaluated
CZMRK-0019,397d01199c321e774edaf23a7290fee40f75c6a6,src/Apps/CZ/CoreLocalizationPack/app/Src/Codeunits/DimensionMgtHandlerCZL.Codeunit.al,14,MutableControlParameter,IsHandled,UserChecksAllowedOnCheckDimValuePostingOnBeforeExit,,Not Evaluated
CZMRK-0020,397d01199c321e774edaf23a7290fee40f75c6a6,src/Apps/CZ/CoreLocalizationPack/app/Src/Codeunits/EETManagementCZL.Codeunit.al,154,MutableControlParameter,IsHandled,OnBeforeCreateCancelEETEntry,,Not Evaluated
CZMRK-0021,397d01199c321e774edaf23a7290fee40f75c6a6,src/Apps/CZ/CoreLocalizationPack/app/Src/Codeunits/EETServiceManagementCZL.Codeunit.al,41,TryFunctionAttribute,[TryFunction,,,Not Evaluated
CZMRK-0022,397d01199c321e774edaf23a7290fee40f75c6a6,src/Apps/CZ/CoreLocalizationPack/app/Src/Codeunits/EPOAPISubmissionCZL.Codeunit.al,20,TryFunctionAttribute,[TryFunction,,,Not Evaluated
CZMRK-0023,397d01199c321e774edaf23a7290fee40f75c6a6,src/Apps/CZ/CoreLocalizationPack/app/Src/Codeunits/ExchRateAdjmtMgtCZL.Codeunit.al,42,MutableControlParameter,IsHandled,OnBeforeAdjustRemainingAmountLCY,,Not Evaluated
CZMRK-0024,397d01199c321e774edaf23a7290fee40f75c6a6,src/Apps/CZ/CoreLocalizationPack/app/Src/Codeunits/FeatureReplaceVATPeriodCZL.Codeunit.al,32,CommitCall,Commit(,ReviewData,not CLEAN28,Not Evaluated
CZMRK-0025,397d01199c321e774edaf23a7290fee40f75c6a6,src/Apps/CZ/CoreLocalizationPack/app/Src/Codeunits/FormatAddressHandlerCZL.Codeunit.al,30,MutableControlParameter,IsHandled,OnBeforeClearCounty,,Not Evaluated
CZMRK-0026,397d01199c321e774edaf23a7290fee40f75c6a6,src/Apps/CZ/CoreLocalizationPack/app/Src/Codeunits/GLAccountCategoryMgtCZL.Codeunit.al,225,MutableControlParameter,IsHandled,InitializeAccountCategories,,Not Evaluated
CZMRK-0027,397d01199c321e774edaf23a7290fee40f75c6a6,src/Apps/CZ/CoreLocalizationPack/app/Src/Codeunits/GLAccountCategoryMgtCZL.Codeunit.al,1201,MutableControlParameter,IsHandled,LookupGLAccount,,Not Evaluated
CZMRK-0028,397d01199c321e774edaf23a7290fee40f75c6a6,src/Apps/CZ/CoreLocalizationPack/app/Src/Codeunits/GLAccountCategoryMgtCZL.Codeunit.al,1219,MutableControlParameter,IsHandled,CheckGLAccount,,Not Evaluated
CZMRK-0029,397d01199c321e774edaf23a7290fee40f75c6a6,src/Apps/CZ/CoreLocalizationPack/app/Src/Codeunits/GLAccountCategoryMgtCZL.Codeunit.al,1229,MutableControlParameter,IsHandled,UpdatePresentationOrder,,Not Evaluated
CZMRK-0030,397d01199c321e774edaf23a7290fee40f75c6a6,src/Apps/CZ/CoreLocalizationPack/app/Src/Codeunits/GLEntryasCorrectionCZL.Codeunit.al,13,EventSubscriberInstance,Manual,,,Not Evaluated
CZMRK-0031,397d01199c321e774edaf23a7290fee40f75c6a6,src/Apps/CZ/CoreLocalizationPack/app/Src/Codeunits/GLEntryasCorrectionCZL.Codeunit.al,42,BindSubscriptionCall,BindSubscription(this),Enable,,Not Evaluated
CZMRK-0032,397d01199c321e774edaf23a7290fee40f75c6a6,src/Apps/CZ/CoreLocalizationPack/app/Src/Codeunits/GLEntryasCorrectionCZL.Codeunit.al,48,UnbindSubscriptionCall,UnbindSubscription(this),Disable,,Not Evaluated
CZMRK-0033,397d01199c321e774edaf23a7290fee40f75c6a6,src/Apps/CZ/CoreLocalizationPack/app/Src/Codeunits/GenJnlPostLineHandlerCZL.Codeunit.al,53,MutableControlParameter,IsHandled,ExchangeRatesAdjOnBeforeCalcCurrencyUnrealizedGainLoss,,Not Evaluated
CZMRK-0034,397d01199c321e774edaf23a7290fee40f75c6a6,src/Apps/CZ/CoreLocalizationPack/app/Src/Codeunits/GenJnlPostLineHandlerCZL.Codeunit.al,207,MutableControlParameter,IsHandled,IsCheckDimensionsEnabledOnBeforeCheckDimValueForDisposal,,Not Evaluated
CZMRK-0035,397d01199c321e774edaf23a7290fee40f75c6a6,src/Apps/CZ/CoreLocalizationPack/app/Src/Codeunits/GenJnlPostLineHandlerCZL.Codeunit.al,215,MutableControlParameter,IsHandled,IsCheckDimensionsEnabledOnBeforeCheckGLAccDimError,,Not Evaluated
CZMRK-0036,397d01199c321e774edaf23a7290fee40f75c6a6,src/Apps/CZ/CoreLocalizationPack/app/Src/Codeunits/GenJnlPostLineHandlerCZL.Codeunit.al,288,MutableControlParameter,IsHandled,SkipVATCalculationTypeCheckForVATLCYCorrection,,Not Evaluated
CZMRK-0037,397d01199c321e774edaf23a7290fee40f75c6a6,src/Apps/CZ/CoreLocalizationPack/app/Src/Codeunits/GenJnlPostLineHandlerCZL.Codeunit.al,346,MutableControlParameter,IsHandled,SkipCheckExternalDocumentNoOnBeforeCheckPurchExtDocNoProcedure,,Not Evaluated
CZMRK-0038,397d01199c321e774edaf23a7290fee40f75c6a6,src/Apps/CZ/CoreLocalizationPack/app/Src/Codeunits/GenJnlPostLineHandlerCZL.Codeunit.al,357,MutableControlParameter,IsHandled,OnBeforePostDtldCVLedgEntry,,Not Evaluated
CZMRK-0039,397d01199c321e774edaf23a7290fee40f75c6a6,src/Apps/CZ/CoreLocalizationPack/app/Src/Codeunits/GenJnlPostLineHandlerCZL.Codeunit.al,426,MutableControlParameter,IsHandled,OnBeforeUpdateVATAmountOnAfterInitVAT,,Not Evaluated
CZMRK-0040,397d01199c321e774edaf23a7290fee40f75c6a6,src/Apps/CZ/CoreLocalizationPack/app/Src/Codeunits/GenJnlPostLineMgtCZL.Codeunit.al,48,MutableControlParameter,IsHandled,OnBeforeCalcAppliedAmountLCY,,Not Evaluated
CZMRK-0041,397d01199c321e774edaf23a7290fee40f75c6a6,src/Apps/CZ/CoreLocalizationPack/app/Src/Codeunits/GenJnlPostLineMgtCZL.Codeunit.al,53,MutableControlParameter,IsHandled,OnBeforeCalcRealizedGainLossLCY,,Not Evaluated
CZMRK-0042,397d01199c321e774edaf23a7290fee40f75c6a6,src/Apps/CZ/CoreLocalizationPack/app/Src/Codeunits/GenJournalBatchHandlerCZL.Codeunit.al,14,MutableControlParameter,IsHandled,AllowHybridDocumentOnBeforeCheckCorrection,,Not Evaluated
CZMRK-0043,397d01199c321e774edaf23a7290fee40f75c6a6,src/Apps/CZ/CoreLocalizationPack/app/Src/Codeunits/GenJournalBatchHandlerCZL.Codeunit.al,26,MutableControlParameter,IsHandled,OnBeforeIfCheckBalance,,Not Evaluated
CZMRK-0044,397d01199c321e774edaf23a7290fee40f75c6a6,src/Apps/CZ/CoreLocalizationPack/app/Src/Codeunits/InstallApplicationCZL.Codeunit.al,220,BindSubscriptionCall,BindSubscription(InstallApplicationsMgtCZL),,,Not Evaluated
CZMRK-0045,397d01199c321e774edaf23a7290fee40f75c6a6,src/Apps/CZ/CoreLocalizationPack/app/Src/Codeunits/InstallApplicationCZL.Codeunit.al,223,UnbindSubscriptionCall,UnbindSubscription(InstallApplicationsMgtCZL),,,Not Evaluated
CZMRK-0046,397d01199c321e774edaf23a7290fee40f75c6a6,src/Apps/CZ/CoreLocalizationPack/app/Src/Codeunits/InstallApplicationsMgtCZL.Codeunit.al,14,EventSubscriberInstance,Manual,,,Not Evaluated
CZMRK-0047,397d01199c321e774edaf23a7290fee40f75c6a6,src/Apps/CZ/CoreLocalizationPack/app/Src/Codeunits/InstallApplicationsMgtCZL.Codeunit.al,91,MutableControlParameter,IsHandled,DisableGlobalTriggersOnBeforeOnDatabaseInsert,,Not Evaluated
CZMRK-0048,397d01199c321e774edaf23a7290fee40f75c6a6,src/Apps/CZ/CoreLocalizationPack/app/Src/Codeunits/InstallApplicationsMgtCZL.Codeunit.al,97,MutableControlParameter,IsHandled,DisableGlobalTriggersOnBeforeOnDatabaseModify,,Not Evaluated
CZMRK-0049,397d01199c321e774edaf23a7290fee40f75c6a6,src/Apps/CZ/CoreLocalizationPack/app/Src/Codeunits/InstallApplicationsMgtCZL.Codeunit.al,103,MutableControlParameter,IsHandled,DisableGlobalTriggersOnBeforeOnDatabaseDelete,,Not Evaluated
CZMRK-0050,397d01199c321e774edaf23a7290fee40f75c6a6,src/Apps/CZ/CoreLocalizationPack/app/Src/Codeunits/InstallApplicationsMgtCZL.Codeunit.al,109,MutableControlParameter,IsHandled,DisableGlobalTriggersOnBeforeOnDatabaseRename,,Not Evaluated
CZMRK-0051,397d01199c321e774edaf23a7290fee40f75c6a6,src/Apps/CZ/CoreLocalizationPack/app/Src/Codeunits/InventoryPostingHandlerCZL.Codeunit.al,87,MutableControlParameter,IsHandled,InitInvtPostBufOnBeforeBufferOutputPosting,,Not Evaluated
CZMRK-0052,397d01199c321e774edaf23a7290fee40f75c6a6,src/Apps/CZ/CoreLocalizationPack/app/Src/Codeunits/InventoryPostingHandlerCZL.Codeunit.al,138,MutableControlParameter,IsHandled,InitInvtPostBufOnBeforeBufferSalesPosting,,Not Evaluated
CZMRK-0053,397d01199c321e774edaf23a7290fee40f75c6a6,src/Apps/CZ/CoreLocalizationPack/app/Src/Codeunits/InventoryPostingHandlerCZL.Codeunit.al,158,MutableControlParameter,IsHandled,InitInvtPostBufOnBeforeBufferConsumpPosting,,Not Evaluated
CZMRK-0054,397d01199c321e774edaf23a7290fee40f75c6a6,src/Apps/CZ/CoreLocalizationPack/app/Src/Codeunits/InventoryPostingHandlerCZL.Codeunit.al,227,MutableControlParameter,IsHandled,InitInvtPostBufOnBeforeBufferPurchPosting,,Not Evaluated
CZMRK-0055,397d01199c321e774edaf23a7290fee40f75c6a6,src/Apps/CZ/CoreLocalizationPack/app/Src/Codeunits/InventoryPostingHandlerCZL.Codeunit.al,243,MutableControlParameter,IsHandled,InitInvtPostBufOnBeforeBufferAsmOutputPosting,,Not Evaluated
CZMRK-0056,397d01199c321e774edaf23a7290fee40f75c6a6,src/Apps/CZ/CoreLocalizationPack/app/Src/Codeunits/InventoryPostingHandlerCZL.Codeunit.al,259,MutableControlParameter,IsHandled,InitInvtPostBufOnBeforeBufferAsmConsumpPosting,,Not Evaluated
CZMRK-0057,397d01199c321e774edaf23a7290fee40f75c6a6,src/Apps/CZ/CoreLocalizationPack/app/Src/Codeunits/InventoryPostingHandlerCZL.Codeunit.al,275,MutableControlParameter,IsHandled,InitInvtPostBufOnBeforeBufferAdjmtPosting,,Not Evaluated
CZMRK-0058,397d01199c321e774edaf23a7290fee40f75c6a6,src/Apps/CZ/CoreLocalizationPack/app/Src/Codeunits/InvtDocumentPrintedCZL.Codeunit.al,19,CommitCall,Commit(,,,Not Evaluated
CZMRK-0059,397d01199c321e774edaf23a7290fee40f75c6a6,src/Apps/CZ/CoreLocalizationPack/app/Src/Codeunits/ItemChargeAssgntPurchCZL.Codeunit.al,136,MutableControlParameter,IsHandled,OnBeforeCreateItemEntryChargeAssgnt,,Not Evaluated
CZMRK-0060,397d01199c321e774edaf23a7290fee40f75c6a6,src/Apps/CZ/CoreLocalizationPack/app/Src/Codeunits/ItemChargeAssgntPurchCZL.Codeunit.al,141,MutableControlParameter,IsHandled,OnBeforePostItemChargePerPosAdjItem,,Not Evaluated
CZMRK-0061,397d01199c321e774edaf23a7290fee40f75c6a6,src/Apps/CZ/CoreLocalizationPack/app/Src/Codeunits/ItemTrackingDocHandlerCZL.Codeunit.al,11,EventSubscriberInstance,Manual,,,Not Evaluated
CZMRK-0062,397d01199c321e774edaf23a7290fee40f75c6a6,src/Apps/CZ/CoreLocalizationPack/app/Src/Codeunits/NavigateHandlerCZL.Codeunit.al,34,MutableControlParameter,IsHandled,OnBeforeShowRecords,,Not Evaluated
CZMRK-0063,397d01199c321e774edaf23a7290fee40f75c6a6,src/Apps/CZ/CoreLocalizationPack/app/Src/Codeunits/NonDeductibleVATCZL.Codeunit.al,255,MutableControlParameter,IsHandled,OnBeforeGetNonDeductibleVATPct,,Not Evaluated
CZMRK-0064,397d01199c321e774edaf23a7290fee40f75c6a6,src/Apps/CZ/CoreLocalizationPack/app/Src/Codeunits/NonDeductibleVATHandlerCZL.Codeunit.al,13,MutableControlParameter,IsHandled,OnBeforeGetNonDeductibleVATPctForPurchLine,,Not Evaluated
CZMRK-0065,397d01199c321e774edaf23a7290fee40f75c6a6,src/Apps/CZ/CoreLocalizationPack/app/Src/Codeunits/NonDeductibleVATHandlerCZL.Codeunit.al,27,MutableControlParameter,IsHandled,OnBeforeGetNonDedVATPctForGenJnlLine,,Not Evaluated
CZMRK-0066,397d01199c321e774edaf23a7290fee40f75c6a6,src/Apps/CZ/CoreLocalizationPack/app/Src/Codeunits/PostPrevHandlerCZL.Codeunit.al,27,BindSubscriptionCall,BindSubscription(PostPrevTableHandlerCZL),TryBindPostPrevTableHandlerCZL,,Not Evaluated
CZMRK-0067,397d01199c321e774edaf23a7290fee40f75c6a6,src/Apps/CZ/CoreLocalizationPack/app/Src/Codeunits/PostPrevHandlerCZL.Codeunit.al,34,UnbindSubscriptionCall,UnbindSubscription(PostPrevTableHandlerCZL),TryUnbindPostPrevTableHandlerCZL,,Not Evaluated
CZMRK-0068,397d01199c321e774edaf23a7290fee40f75c6a6,src/Apps/CZ/CoreLocalizationPack/app/Src/Codeunits/PostPrevTableHandlerCZL.Codeunit.al,12,EventSubscriberInstance,Manual,,,Not Evaluated
CZMRK-0069,397d01199c321e774edaf23a7290fee40f75c6a6,src/Apps/CZ/CoreLocalizationPack/app/Src/Codeunits/PostedInvtRcptPrintedCZL.Codeunit.al,22,CommitCall,Commit(,,,Not Evaluated
CZMRK-0070,397d01199c321e774edaf23a7290fee40f75c6a6,src/Apps/CZ/CoreLocalizationPack/app/Src/Codeunits/PostedInvtShptPrintedCZL.Codeunit.al,22,CommitCall,Commit(,,,Not Evaluated
CZMRK-0071,397d01199c321e774edaf23a7290fee40f75c6a6,src/Apps/CZ/CoreLocalizationPack/app/Src/Codeunits/PurchasePostingHandlerCZL.Codeunit.al,119,MutableControlParameter,Handled,SkipCheckExternalDocumentNoOnBeforeCheckExternalDocumentNumber,,Not Evaluated
CZMRK-0072,397d01199c321e774edaf23a7290fee40f75c6a6,src/Apps/CZ/CoreLocalizationPack/app/Src/Codeunits/PurchasePostingHandlerCZL.Codeunit.al,197,MutableControlParameter,IsHandled,SkipCheckOnBeforeTestPurchLineItemCharge,,Not Evaluated
CZMRK-0073,397d01199c321e774edaf23a7290fee40f75c6a6,src/Apps/CZ/CoreLocalizationPack/app/Src/Codeunits/PurchasePostingHandlerCZL.Codeunit.al,220,MutableControlParameter,IsHandled,OnBeforeCheckTariffNo,,Not Evaluated
CZMRK-0074,397d01199c321e774edaf23a7290fee40f75c6a6,src/Apps/CZ/CoreLocalizationPack/app/Src/Codeunits/ReconciliationHandlerCZL.Codeunit.al,40,MutableControlParameter,IsHandled,OnBeforeSaveNetChange,,Not Evaluated
CZMRK-0075,397d01199c321e774edaf23a7290fee40f75c6a6,src/Apps/CZ/CoreLocalizationPack/app/Src/Codeunits/ReconciliationHandlerCZL.Codeunit.al,55,ObsoleteAttribute,"[Obsolete('Replaced by OnSaveNetChangeCZLOnBeforeModify event in tableextension 31047 ""G/L Account Net Change CZL""', '27.0')",RaiseOnSetSaveNetChangeBeforeInsertGLAccountNetChange,not CLEAN27,Not Evaluated
CZMRK-0076,397d01199c321e774edaf23a7290fee40f75c6a6,src/Apps/CZ/CoreLocalizationPack/app/Src/Codeunits/ReconciliationHandlerCZL.Codeunit.al,61,ObsoleteAttribute,"[Obsolete('Replaced by OnSaveNetChangeCZLOnBeforeInsert event in tableextension 31047 ""G/L Account Net Change CZL""', '27.0')",OnSetSaveNetChangeBeforeModifyGLAccountNetChange,not CLEAN27,Not Evaluated
CZMRK-0077,397d01199c321e774edaf23a7290fee40f75c6a6,src/Apps/CZ/CoreLocalizationPack/app/Src/Codeunits/RegLookupExtDataCZL.Codeunit.al,27,CommitCall,Commit(,LookupRegistrationFromService,,Not Evaluated
CZMRK-0078,397d01199c321e774edaf23a7290fee40f75c6a6,src/Apps/CZ/CoreLocalizationPack/app/Src/Codeunits/RegistrationLogMgtCZL.Codeunit.al,292,CommitCall,Commit(,AssistEditRegNo,,Not Evaluated
CZMRK-0079,397d01199c321e774edaf23a7290fee40f75c6a6,src/Apps/CZ/CoreLocalizationPack/app/Src/Codeunits/RegistrationLogMgtCZL.Codeunit.al,430,CommitCall,Commit(,RunRegistrationNoCheck,,Not Evaluated
CZMRK-0080,397d01199c321e774edaf23a7290fee40f75c6a6,src/Apps/CZ/CoreLocalizationPack/app/Src/Codeunits/RegistrationLogMgtCZL.Codeunit.al,454,MutableControlParameter,IsHandled,OnBeforeAssistEditRegNo,,Not Evaluated
CZMRK-0081,397d01199c321e774edaf23a7290fee40f75c6a6,src/Apps/CZ/CoreLocalizationPack/app/Src/Codeunits/RegistrationNoMgtCZL.Codeunit.al,134,MutableControlParameter,IsHandled,OnBeforeCheckContactDuplicity,,Not Evaluated
CZMRK-0082,397d01199c321e774edaf23a7290fee40f75c6a6,src/Apps/CZ/CoreLocalizationPack/app/Src/Codeunits/ReleaseVIESDeclarationCZL.Codeunit.al,88,MutableControlParameter,IsHandled,OnBeforeCheckLine,,Not Evaluated
CZMRK-0083,397d01199c321e774edaf23a7290fee40f75c6a6,src/Apps/CZ/CoreLocalizationPack/app/Src/Codeunits/ReplaceVATPeriodMgtCZL.Codeunit.al,46,ObsoleteAttribute,"[Obsolete('The VAT Period CZL will be replaced by VAT Return Period by default.', '28.0')",GetFeatureKey,not CLEAN28,Not Evaluated
CZMRK-0084,397d01199c321e774edaf23a7290fee40f75c6a6,src/Apps/CZ/CoreLocalizationPack/app/Src/Codeunits/SOAPWSRequestManagementCZL.Codeunit.al,28,TryFunctionAttribute,[TryFunction,,,Not Evaluated
CZMRK-0085,397d01199c321e774edaf23a7290fee40f75c6a6,src/Apps/CZ/CoreLocalizationPack/app/Src/Codeunits/SOAPWSRequestManagementCZL.Codeunit.al,79,TryFunctionAttribute,[TryFunction,SendRequestToWebService,,Not Evaluated
CZMRK-0086,397d01199c321e774edaf23a7290fee40f75c6a6,src/Apps/CZ/CoreLocalizationPack/app/Src/Codeunits/SalesHeaderHandlerCZL.Codeunit.al,77,MutableControlParameter,IsHandled,OnBeforeUpdateVATReportingDate,,Not Evaluated
CZMRK-0087,397d01199c321e774edaf23a7290fee40f75c6a6,src/Apps/CZ/CoreLocalizationPack/app/Src/Codeunits/SalesPostingHandlerCZL.Codeunit.al,396,MutableControlParameter,IsHandled,SkipCheckOnBeforeTestSalesLineItemCharge,,Not Evaluated
CZMRK-0088,397d01199c321e774edaf23a7290fee40f75c6a6,src/Apps/CZ/CoreLocalizationPack/app/Src/Codeunits/SalesPostingHandlerCZL.Codeunit.al,413,MutableControlParameter,IsHandled,OnBeforeCheckTariffNo,,Not Evaluated
CZMRK-0089,397d01199c321e774edaf23a7290fee40f75c6a6,src/Apps/CZ/CoreLocalizationPack/app/Src/Codeunits/ServicePostingHandlerCZL.Codeunit.al,208,MutableControlParameter,IsHandled,OnBeforeCheckTariffNo,,Not Evaluated
CZMRK-0090,397d01199c321e774edaf23a7290fee40f75c6a6,src/Apps/CZ/CoreLocalizationPack/app/Src/Codeunits/UnreliablePayerMgtCZL.Codeunit.al,407,MutableControlParameter,IsHandled,OnBeforeConfirmProcess,,Not Evaluated
CZMRK-0091,397d01199c321e774edaf23a7290fee40f75c6a6,src/Apps/CZ/CoreLocalizationPack/app/Src/Codeunits/UnreliablePayerMgtCZL.Codeunit.al,422,MutableControlParameter,IsHandled,OnBeforeImportUnrPayerStatus,,Not Evaluated
CZMRK-0092,397d01199c321e774edaf23a7290fee40f75c6a6,src/Apps/CZ/CoreLocalizationPack/app/Src/Codeunits/UnreliablePayerMgtCZL.Codeunit.al,432,MutableControlParameter,IsHandled,OnBeforeImportUnrPayerList,,Not Evaluated
CZMRK-0093,397d01199c321e774edaf23a7290fee40f75c6a6,src/Apps/CZ/CoreLocalizationPack/app/Src/Codeunits/UnreliablePayerMgtCZL.Codeunit.al,447,MutableControlParameter,IsHandled,OnBeforeGetLongVATRegNo,,Not Evaluated
CZMRK-0094,397d01199c321e774edaf23a7290fee40f75c6a6,src/Apps/CZ/CoreLocalizationPack/app/Src/Codeunits/UnreliablePayerWSCZL.Codeunit.al,18,TryFunctionAttribute,[TryFunction,,,Not Evaluated
CZMRK-0095,397d01199c321e774edaf23a7290fee40f75c6a6,src/Apps/CZ/CoreLocalizationPack/app/Src/Codeunits/UnreliablePayerWSCZL.Codeunit.al,37,TryFunctionAttribute,[TryFunction,GetStatus,,Not Evaluated
CZMRK-0096,397d01199c321e774edaf23a7290fee40f75c6a6,src/Apps/CZ/CoreLocalizationPack/app/Src/Codeunits/UnreliablePayerWSCZL.Codeunit.al,56,TryFunctionAttribute,[TryFunction,GetStatusExtended,,Not Evaluated
CZMRK-0097,397d01199c321e774edaf23a7290fee40f75c6a6,src/Apps/CZ/CoreLocalizationPack/app/Src/Codeunits/UpgradeApplicationCZL.Codeunit.al,163,BindSubscriptionCall,BindSubscription(InstallApplicationsMgtCZL),,,Not Evaluated
CZMRK-0098,397d01199c321e774edaf23a7290fee40f75c6a6,src/Apps/CZ/CoreLocalizationPack/app/Src/Codeunits/UpgradeApplicationCZL.Codeunit.al,165,UnbindSubscriptionCall,UnbindSubscription(InstallApplicationsMgtCZL),,,Not Evaluated
CZMRK-0099,397d01199c321e774edaf23a7290fee40f75c6a6,src/Apps/CZ/CoreLocalizationPack/app/Src/Codeunits/UpgradeTagDefinitionsCZL.Codeunit.al,190,ObsoleteAttribute,"[Obsolete('This function will be removed in a future version.', '27.0')",GetOriginalVATAmountsInVATEntriesUpgradeTag,not CLEAN27,Not Evaluated
CZMRK-0100,397d01199c321e774edaf23a7290fee40f75c6a6,src/Apps/CZ/CoreLocalizationPack/app/Src/Codeunits/UserSetupAdvManagementCZL.Codeunit.al,34,TryFunctionAttribute,[TryFunction,,,Not Evaluated
CZMRK-0101,397d01199c321e774edaf23a7290fee40f75c6a6,src/Apps/CZ/CoreLocalizationPack/app/Src/Codeunits/UserSetupAdvManagementCZL.Codeunit.al,57,TryFunctionAttribute,[TryFunction,CheckJournalTemplate,,Not Evaluated
CZMRK-0102,397d01199c321e774edaf23a7290fee40f75c6a6,src/Apps/CZ/CoreLocalizationPack/app/Src/Codeunits/UserSetupAdvManagementCZL.Codeunit.al,80,TryFunctionAttribute,[TryFunction,CheckGeneralJournalLine,,Not Evaluated
CZMRK-0103,397d01199c321e774edaf23a7290fee40f75c6a6,src/Apps/CZ/CoreLocalizationPack/app/Src/Codeunits/UserSetupAdvManagementCZL.Codeunit.al,149,TryFunctionAttribute,[TryFunction,IsUndoPosting,,Not Evaluated
CZMRK-0104,397d01199c321e774edaf23a7290fee40f75c6a6,src/Apps/CZ/CoreLocalizationPack/app/Src/Codeunits/UserSetupAdvManagementCZL.Codeunit.al,162,TryFunctionAttribute,[TryFunction,CheckJobJournalLine,,Not Evaluated
CZMRK-0105,397d01199c321e774edaf23a7290fee40f75c6a6,src/Apps/CZ/CoreLocalizationPack/app/Src/Codeunits/UserSetupAdvManagementCZL.Codeunit.al,175,TryFunctionAttribute,[TryFunction,CheckResJournalLine,,Not Evaluated
CZMRK-0106,397d01199c321e774edaf23a7290fee40f75c6a6,src/Apps/CZ/CoreLocalizationPack/app/Src/Codeunits/UserSetupAdvManagementCZL.Codeunit.al,316,TryFunctionAttribute,[TryFunction,SelectDimensionsToCheck,,Not Evaluated
CZMRK-0107,397d01199c321e774edaf23a7290fee40f75c6a6,src/Apps/CZ/CoreLocalizationPack/app/Src/Codeunits/UserSetupHandlerCZL.Codeunit.al,14,MutableControlParameter,IsHandled,OnErrorMessageDrillDown,,Not Evaluated
CZMRK-0108,397d01199c321e774edaf23a7290fee40f75c6a6,src/Apps/CZ/CoreLocalizationPack/app/Src/Codeunits/UserSetupHandlerCZL.Codeunit.al,41,TryFunctionAttribute,[TryFunction,CheckItemUnapplyOnOpenPage,,Not Evaluated
CZMRK-0109,397d01199c321e774edaf23a7290fee40f75c6a6,src/Apps/CZ/CoreLocalizationPack/app/Src/Codeunits/VATAttributeCodeMgtCZL.Codeunit.al,9,EventSubscriberInstance,Manual,,,Not Evaluated
CZMRK-0110,397d01199c321e774edaf23a7290fee40f75c6a6,src/Apps/CZ/CoreLocalizationPack/app/Src/Codeunits/VATAttributeCodeMgtCZL.Codeunit.al,33,BindSubscriptionCall,BindSubscription(this),InitVATAttributes,,Not Evaluated
CZMRK-0111,397d01199c321e774edaf23a7290fee40f75c6a6,src/Apps/CZ/CoreLocalizationPack/app/Src/Codeunits/VATAttributeCodeMgtCZL.Codeunit.al,36,UnbindSubscriptionCall,UnbindSubscription(this),InitVATAttributes,,Not Evaluated
CZMRK-0112,397d01199c321e774edaf23a7290fee40f75c6a6,src/Apps/CZ/CoreLocalizationPack/app/Src/Codeunits/VATCorrNotifHandlerCZL.Codeunit.al,23,MutableControlParameter,IsHandled,ShowVATLCYCorrectionAfterPostingPurchaseInvoice,,Not Evaluated
CZMRK-0113,397d01199c321e774edaf23a7290fee40f75c6a6,src/Apps/CZ/CoreLocalizationPack/app/Src/Codeunits/VATCorrNotifHandlerCZL.Codeunit.al,68,MutableControlParameter,IsHandled,ShowVATLCYCorrectionAfterPostingPurchaseCreditMemo,,Not Evaluated
CZMRK-0114,397d01199c321e774edaf23a7290fee40f75c6a6,src/Apps/CZ/CoreLocalizationPack/app/Src/Codeunits/VATCorrNotifHandlerCZL.Codeunit.al,112,MutableControlParameter,IsHandled,ShowVATLCYCorrectionAfterPostingSalesInvoice,,Not Evaluated
CZMRK-0115,397d01199c321e774edaf23a7290fee40f75c6a6,src/Apps/CZ/CoreLocalizationPack/app/Src/Codeunits/VATCorrNotifHandlerCZL.Codeunit.al,160,MutableControlParameter,IsHandled,ShowVATLCYCorrectionAfterPostingSalesCreditMemo,,Not Evaluated
CZMRK-0116,397d01199c321e774edaf23a7290fee40f75c6a6,src/Apps/CZ/CoreLocalizationPack/app/Src/Codeunits/VATCtrlReportMgtCZL.Codeunit.al,963,TryFunctionAttribute,[TryFunction,IsMandatoryField,,Not Evaluated
CZMRK-0117,397d01199c321e774edaf23a7290fee40f75c6a6,src/Apps/CZ/CoreLocalizationPack/app/Src/Codeunits/VATCtrlReportMgtCZL.Codeunit.al,1396,MutableControlParameter,IsHandled,OnBeforeInsertVATCtrlReportBuffer,,Not Evaluated
CZMRK-0118,397d01199c321e774edaf23a7290fee40f75c6a6,src/Apps/CZ/CoreLocalizationPack/app/Src/Codeunits/VATCtrlReportMgtCZL.Codeunit.al,1446,MutableControlParameter,IsHandled,OnBeforeIsVATEntryCorrected,,Not Evaluated
CZMRK-0119,397d01199c321e774edaf23a7290fee40f75c6a6,src/Apps/CZ/CoreLocalizationPack/app/Src/Codeunits/VATCtrlReportMgtCZL.Codeunit.al,1451,MutableControlParameter,IsHandled,OnBeforeGetBufferFromDocument,,Not Evaluated
CZMRK-0120,397d01199c321e774edaf23a7290fee40f75c6a6,src/Apps/CZ/CoreLocalizationPack/app/Src/Codeunits/VATCtrlReportMgtCZL.Codeunit.al,1456,MutableControlParameter,IsHandled,OnSplitFromSalesInvLineOnBeforeUpdateTempDropShptPostBuffer,,Not Evaluated
CZMRK-0121,397d01199c321e774edaf23a7290fee40f75c6a6,src/Apps/CZ/CoreLocalizationPack/app/Src/Codeunits/VATCtrlReportMgtCZL.Codeunit.al,1461,MutableControlParameter,IsHandled,OnSplitFromSalesCrMemoLineOnBeforeUpdateTempDropShptPostBuffer,,Not Evaluated
CZMRK-0122,397d01199c321e774edaf23a7290fee40f75c6a6,src/Apps/CZ/CoreLocalizationPack/app/Src/Codeunits/VATCtrlReportMgtCZL.Codeunit.al,1466,MutableControlParameter,IsHandled,OnSplitFromPurchInvLineOnBeforeUpdateTempDropShptPostBuffer,,Not Evaluated
CZMRK-0123,397d01199c321e774edaf23a7290fee40f75c6a6,src/Apps/CZ/CoreLocalizationPack/app/Src/Codeunits/VATCtrlReportMgtCZL.Codeunit.al,1471,MutableControlParameter,IsHandled,OnSplitFromPurchCrMemoLineOnBeforeUpdateTempDropShptPostBuffer,,Not Evaluated
CZMRK-0124,397d01199c321e774edaf23a7290fee40f75c6a6,src/Apps/CZ/CoreLocalizationPack/app/Src/Codeunits/VATDateHandlerCZL.Codeunit.al,98,ObsoleteAttribute,"[Obsolete('Replaced by CheckDateAllowed function in VAT Reporting Date Mgt. codeunit.', '28.0')",FillVATReportingDateOnBeforeGLLedgEntryModify,not CLEAN28,Not Evaluated
CZMRK-0125,397d01199c321e774edaf23a7290fee40f75c6a6,src/Apps/CZ/CoreLocalizationPack/app/Src/Codeunits/VATLCYCorrPostYesNoCZL.Codeunit.al,12,EventSubscriberInstance,Manual,,,Not Evaluated
CZMRK-0126,397d01199c321e774edaf23a7290fee40f75c6a6,src/Apps/CZ/CoreLocalizationPack/app/Src/Codeunits/VATLCYCorrPostYesNoCZL.Codeunit.al,20,CommitCall,Commit(,,,Not Evaluated
CZMRK-0127,397d01199c321e774edaf23a7290fee40f75c6a6,src/Apps/CZ/CoreLocalizationPack/app/Src/Codeunits/VATLCYCorrPostYesNoCZL.Codeunit.al,32,BindSubscriptionCall,BindSubscription(VATLCYCorrPostYesNoCZL),Preview,,Not Evaluated
CZMRK-0128,397d01199c321e774edaf23a7290fee40f75c6a6,src/Apps/CZ/CoreLocalizationPack/app/Src/Codeunits/VATLCYCorrectionPostCZL.Codeunit.al,86,CommitCall,Commit(,Post,,Not Evaluated
CZMRK-0129,397d01199c321e774edaf23a7290fee40f75c6a6,src/Apps/CZ/CoreLocalizationPack/app/Src/Codeunits/VATRegLogSuppressionCZL.Codeunit.al,13,EventSubscriberInstance,Manual,,,Not Evaluated
CZMRK-0130,397d01199c321e774edaf23a7290fee40f75c6a6,src/Apps/CZ/CoreLocalizationPack/app/Src/Codeunits/VATRegLogSuppressionCZL.Codeunit.al,16,MutableControlParameter,IsHandled,SkipVATRegLogOnBeforeVATRegistrationValidationOnCustomer,,Not Evaluated
CZMRK-0131,397d01199c321e774edaf23a7290fee40f75c6a6,src/Apps/CZ/CoreLocalizationPack/app/Src/Codeunits/VATRegLogSuppressionCZL.Codeunit.al,31,MutableControlParameter,IsHandled,SkipVATRegLogOnBeforeVATRegistrationValidationOnVendor,,Not Evaluated
CZMRK-0132,397d01199c321e774edaf23a7290fee40f75c6a6,src/Apps/CZ/CoreLocalizationPack/app/Src/Codeunits/VATRegLogSuppressionCZL.Codeunit.al,46,MutableControlParameter,IsHandled,SkipVATRegLogOnBeforeVATRegistrationValidationOnContact,,Not Evaluated
CZMRK-0133,397d01199c321e774edaf23a7290fee40f75c6a6,src/Apps/CZ/CoreLocalizationPack/app/Src/Codeunits/VATRepDateMgtHandlerCZL.Codeunit.al,30,MutableControlParameter,IsHandled,CheckRelatedVATEntriesOnBeforeUpdateLinkedEntries,,Not Evaluated
CZMRK-0134,397d01199c321e774edaf23a7290fee40f75c6a6,src/Apps/CZ/CoreLocalizationPack/app/Src/Codeunits/VATReportHandlerCZL.Codeunit.al,21,MutableControlParameter,IsHandled,SkipTestForVATReturnOnBeforeTestOriginalReportNo,,Not Evaluated
CZMRK-0135,397d01199c321e774edaf23a7290fee40f75c6a6,src/Apps/CZ/CoreLocalizationPack/app/Src/Codeunits/VATStatementCalculationCZL.Codeunit.al,396,MutableControlParameter,IsHandled,OnHandleAnotherLineType,,Not Evaluated
CZMRK-0136,397d01199c321e774edaf23a7290fee40f75c6a6,src/Apps/CZ/CoreLocalizationPack/app/Src/Codeunits/VATStatementHandlerCZL.Codeunit.al,14,EventSubscriberInstance,Manual,,,Not Evaluated
CZMRK-0137,397d01199c321e774edaf23a7290fee40f75c6a6,src/Apps/CZ/CoreLocalizationPack/app/Src/Codeunits/VATStatementHandlerCZL.Codeunit.al,26,BindSubscriptionCall,BindSubscription(this),Activate,,Not Evaluated
CZMRK-0138,397d01199c321e774edaf23a7290fee40f75c6a6,src/Apps/CZ/CoreLocalizationPack/app/Src/Codeunits/VATStatementHandlerCZL.Codeunit.al,63,MutableControlParameter,IsHandled,CalcOnBeforeCalcLineTotalWithBase,,Not Evaluated
CZMRK-0139,397d01199c321e774edaf23a7290fee40f75c6a6,src/Apps/CZ/CoreLocalizationPack/app/Src/Codeunits/WorkflowResponseHandlingCZL.Codeunit.al,78,MutableControlParameter,IsHandled,OnCheckReleaseDocument,,Not Evaluated
CZMRK-0140,397d01199c321e774edaf23a7290fee40f75c6a6,src/Apps/CZ/CoreLocalizationPack/app/Src/PageExtensions/ItemChargeAsgmtPurchCZL.PageExt.al,77,MutableControlParameter,IsHandled,OnBeforeOpenItemLedgerEntriesCZL,,Not Evaluated
CZMRK-0141,397d01199c321e774edaf23a7290fee40f75c6a6,src/Apps/CZ/CoreLocalizationPack/app/Src/Pages/EETSimpleRegistrationCZL.Page.al,657,CommitCall,Commit(,SendToService,,Not Evaluated
CZMRK-0142,397d01199c321e774edaf23a7290fee40f75c6a6,src/Apps/CZ/CoreLocalizationPack/app/Src/Pages/EETSimpleRegistrationCZL.Page.al,668,CommitCall,Commit(,SendToService,,Not Evaluated
CZMRK-0143,397d01199c321e774edaf23a7290fee40f75c6a6,src/Apps/CZ/CoreLocalizationPack/app/Src/Pages/GetVendBankAccCodeCZL.Page.al,58,ObsoleteAttribute,"[Obsolete('The function is replaced by GetValue with PreferredBankAccount parameter.', '27.0')",SetValue,not CLEAN27,Not Evaluated
CZMRK-0144,397d01199c321e774edaf23a7290fee40f75c6a6,src/Apps/CZ/CoreLocalizationPack/app/Src/Pages/VATLCYCorrectionCZL.Page.al,341,MutableControlParameter,IsHandled,RaiseOnInitGlobals,not CLEAN29,Not Evaluated
CZMRK-0145,397d01199c321e774edaf23a7290fee40f75c6a6,src/Apps/CZ/CoreLocalizationPack/app/Src/Pages/VATLCYCorrectionCZL.Page.al,355,ObsoleteAttribute,"[Obsolete('This event will be removed in future versions. Please use OnCheckSourceDocumentElse and OnAfterGetVATLCYCorrectionBuffer events from codeunit 11769 ""VAT LCY Correction Mgt. CZL"" instead.', '29.0')",RaiseOnAfterGetDocumentVATEntries,not CLEAN29,Not Evaluated
CZMRK-0146,397d01199c321e774edaf23a7290fee40f75c6a6,src/Apps/CZ/CoreLocalizationPack/app/Src/Pages/VATLCYCorrectionCZL.Page.al,357,MutableControlParameter,IsHandled,OnInitGlobals,not CLEAN29,Not Evaluated
CZMRK-0147,397d01199c321e774edaf23a7290fee40f75c6a6,src/Apps/CZ/CoreLocalizationPack/app/Src/Pages/VATLCYCorrectionCZL.Page.al,361,ObsoleteAttribute,"[Obsolete('This event will be removed in future versions. Please use OnCheckSourceDocumentElse and OnAfterGetVATLCYCorrectionBuffer events from codeunit 11769 ""VAT LCY Correction Mgt. CZL"" instead.', '29.0')",OnInitGlobals,not CLEAN29,Not Evaluated
CZMRK-0148,397d01199c321e774edaf23a7290fee40f75c6a6,src/Apps/CZ/CoreLocalizationPack/app/Src/Pages/VATStatementPreviewCZL.Page.al,195,ObsoleteAttribute,"[Obsolete('Replaced by VATReturnPeriod variable', '28.0')",,not CLEAN28,Not Evaluated
CZMRK-0149,397d01199c321e774edaf23a7290fee40f75c6a6,src/Apps/CZ/CoreLocalizationPack/app/Src/Pages/VATStatementPreviewLineCZL.Page.al,199,MutableControlParameter,IsHandled,RaiseOnColumnValueDrillDownVATStatementLineTypeCase,not CLEAN28,Not Evaluated
CZMRK-0150,397d01199c321e774edaf23a7290fee40f75c6a6,src/Apps/CZ/CoreLocalizationPack/app/Src/Pages/VATStatementPreviewLineCZL.Page.al,207,MutableControlParameter,IsHandled,OnBeforeCalcColumnValue,,Not Evaluated
CZMRK-0151,397d01199c321e774edaf23a7290fee40f75c6a6,src/Apps/CZ/CoreLocalizationPack/app/Src/Pages/VATStatementPreviewLineCZL.Page.al,211,ObsoleteAttribute,"[Obsolete('Replaced by OnRunVATEntriesOnAfterSetVATEntryFilters event in ""VAT Statement Calculation CZL"" codeunit.', '28.0')",OnBeforeCalcColumnValue,not CLEAN28,Not Evaluated
CZMRK-0152,397d01199c321e774edaf23a7290fee40f75c6a6,src/Apps/CZ/CoreLocalizationPack/app/Src/Pages/VATStatementPreviewLineCZL.Page.al,223,ObsoleteAttribute,"[Obsolete('Replaced by OnHandleAnotherLineType event in ""VAT Statement Calculation CZL"" codeunit.', '28.0')",OnUpdateFormOnBeforePageUpdate,not CLEAN28,Not Evaluated
CZMRK-0153,397d01199c321e774edaf23a7290fee40f75c6a6,src/Apps/CZ/CoreLocalizationPack/app/Src/Pages/VATStatementPreviewLineCZL.Page.al,225,MutableControlParameter,IsHandled,OnColumnValueDrillDownVATStatementLineTypeCase,not CLEAN28,Not Evaluated
CZMRK-0154,397d01199c321e774edaf23a7290fee40f75c6a6,src/Apps/CZ/CoreLocalizationPack/app/Src/Pages/VIESDeclarationLinesCZL.Page.al,179,MutableControlParameter,IsHandled,OnBeforeCreateLine,,Not Evaluated
CZMRK-0155,397d01199c321e774edaf23a7290fee40f75c6a6,src/Apps/CZ/CoreLocalizationPack/app/Src/ReportExtensions/VATStatementCZL.ReportExt.al,84,ObsoleteAttribute,"[Obsolete('The function is not used anymore. You can use GetRoundingDirection function from ""VAT Stmt. Calc. Parameters CZL"" table which you will get with the GetVATStmtCalcParameters function.', '28.0')",,not CLEAN28,Not Evaluated
CZMRK-0156,397d01199c321e774edaf23a7290fee40f75c6a6,src/Apps/CZ/CoreLocalizationPack/app/Src/ReportExtensions/VATStatementCZL.ReportExt.al,97,ObsoleteAttribute,"[Obsolete('Replaced by InitializeRequestCZL with VAT Stmt. Calc. Parameters CZL record as parameter.', '28.0')",GetAmtRoundingDirectionCZL,not CLEAN28,Not Evaluated
CZMRK-0157,397d01199c321e774edaf23a7290fee40f75c6a6,src/Apps/CZ/CoreLocalizationPack/app/Src/ReportExtensions/VATStatementCZL.ReportExt.al,103,ObsoleteAttribute,"[Obsolete('Replaced by InitializeRequestCZL with VAT Stmt. Calc. Parameters CZL record as parameter.', '28.0')",InitializeRequestCZL,not CLEAN28,Not Evaluated
CZMRK-0158,397d01199c321e774edaf23a7290fee40f75c6a6,src/Apps/CZ/CoreLocalizationPack/app/Src/Reports/AdjustExchangeRatesCZL.Report.al,3147,MutableControlParameter,IsHandled,OnBeforeOnInitReport,,Not Evaluated
CZMRK-0159,397d01199c321e774edaf23a7290fee40f75c6a6,src/Apps/CZ/CoreLocalizationPack/app/Src/Reports/CalcandPostVATSettlCZL.Report.al,1033,MutableControlParameter,IsHandled,OnBeforeGetVATAccountNo,,Not Evaluated
CZMRK-0160,397d01199c321e774edaf23a7290fee40f75c6a6,src/Apps/CZ/CoreLocalizationPack/app/Src/Reports/CalcandPostVATSettlCZL.Report.al,1048,MutableControlParameter,IsHandled,OnBeforeCheckVATAccountNo,,Not Evaluated
CZMRK-0161,397d01199c321e774edaf23a7290fee40f75c6a6,src/Apps/CZ/CoreLocalizationPack/app/Src/Reports/CloseBalanceSheetCZL.Report.al,385,CommitCall,Commit(,,,Not Evaluated
CZMRK-0162,397d01199c321e774edaf23a7290fee40f75c6a6,src/Apps/CZ/CoreLocalizationPack/app/Src/Reports/CloseIncomeStatementCZL.Report.al,410,CommitCall,Commit(,,,Not Evaluated
CZMRK-0163,397d01199c321e774edaf23a7290fee40f75c6a6,src/Apps/CZ/CoreLocalizationPack/app/Src/Reports/CloseIncomeStatementCZL.Report.al,711,MutableControlParameter,Handled,OnBeforeCheckDimPostingRules,,Not Evaluated
CZMRK-0164,397d01199c321e774edaf23a7290fee40f75c6a6,src/Apps/CZ/CoreLocalizationPack/app/Src/Reports/CloseIncomeStatementCZL.Report.al,721,MutableControlParameter,IsHandled,OnPreReportOnBeforeCheckDimPostingRules,,Not Evaluated
CZMRK-0165,397d01199c321e774edaf23a7290fee40f75c6a6,src/Apps/CZ/CoreLocalizationPack/app/Src/Reports/CreateStockkeepingUnitCZL.Report.al,225,MutableControlParameter,IsHandled,OnBeforeCreateSKU,,Not Evaluated
CZMRK-0166,397d01199c321e774edaf23a7290fee40f75c6a6,src/Apps/CZ/CoreLocalizationPack/app/Src/Reports/CreateStockkeepingUnitCZL.Report.al,258,MutableControlParameter,IsHandled,OnBeforeItemOnAfterGetRecord,,Not Evaluated
CZMRK-0167,397d01199c321e774edaf23a7290fee40f75c6a6,src/Apps/CZ/CoreLocalizationPack/app/Src/Reports/CustBalReconciliationCZL.Report.al,442,CommitCall,Commit(,,,Not Evaluated
CZMRK-0168,397d01199c321e774edaf23a7290fee40f75c6a6,src/Apps/CZ/CoreLocalizationPack/app/Src/Reports/GeneralJournalTestCZL.Report.al,2238,MutableControlParameter,IsHandled,OnBeforeTestJobFields,,Not Evaluated
CZMRK-0169,397d01199c321e774edaf23a7290fee40f75c6a6,src/Apps/CZ/CoreLocalizationPack/app/Src/Reports/GeneralJournalTestCZL.Report.al,2243,MutableControlParameter,IsHandled,OnBeforeWarningIfNegativeAmt,,Not Evaluated
CZMRK-0170,397d01199c321e774edaf23a7290fee40f75c6a6,src/Apps/CZ/CoreLocalizationPack/app/Src/Reports/GeneralJournalTestCZL.Report.al,2248,MutableControlParameter,IsHandled,OnBeforeWarningIfPositiveAmt,,Not Evaluated
CZMRK-0171,397d01199c321e774edaf23a7290fee40f75c6a6,src/Apps/CZ/CoreLocalizationPack/app/Src/Reports/OpenBalanceSheetCZL.Report.al,385,CommitCall,Commit(,,,Not Evaluated
CZMRK-0172,397d01199c321e774edaf23a7290fee40f75c6a6,src/Apps/CZ/CoreLocalizationPack/app/Src/Reports/OpenCustEntriestoDateCZL.Report.al,760,MutableControlParameter,IsHandled,OnBeforeGetReceivablesAccountNo,,Not Evaluated
CZMRK-0173,397d01199c321e774edaf23a7290fee40f75c6a6,src/Apps/CZ/CoreLocalizationPack/app/Src/Reports/OpenVendEntriestoDateCZL.Report.al,776,MutableControlParameter,IsHandled,OnBeforeGetPayablesAccNo,,Not Evaluated
CZMRK-0174,397d01199c321e774edaf23a7290fee40f75c6a6,src/Apps/CZ/CoreLocalizationPack/app/Src/Reports/SalesCreditMemoCZL.Report.al,853,MutableControlParameter,IsHandled,OnSelectDocumentLabelCase,,Not Evaluated
CZMRK-0175,397d01199c321e774edaf23a7290fee40f75c6a6,src/Apps/CZ/CoreLocalizationPack/app/Src/Reports/SalesShipmentCZL.Report.al,473,BindSubscriptionCall,BindSubscription(ItemTrackingDocHandlerCZL),,,Not Evaluated
CZMRK-0176,397d01199c321e774edaf23a7290fee40f75c6a6,src/Apps/CZ/CoreLocalizationPack/app/Src/Reports/SalesShipmentCZL.Report.al,477,UnbindSubscriptionCall,UnbindSubscription(ItemTrackingDocHandlerCZL),,,Not Evaluated
CZMRK-0177,397d01199c321e774edaf23a7290fee40f75c6a6,src/Apps/CZ/CoreLocalizationPack/app/Src/Reports/ServiceCreditMemoCZL.Report.al,675,MutableControlParameter,IsHandled,OnSelectDocumentLabelCase,,Not Evaluated
CZMRK-0178,397d01199c321e774edaf23a7290fee40f75c6a6,src/Apps/CZ/CoreLocalizationPack/app/Src/Reports/SuggestVIESDeclarationCZL.Report.al,83,CommitCall,Commit(,,,Not Evaluated
CZMRK-0179,397d01199c321e774edaf23a7290fee40f75c6a6,src/Apps/CZ/CoreLocalizationPack/app/Src/Reports/VATCoeffCorrectionCZL.Report.al,361,MutableControlParameter,IsHandled,OnBeforeOnInitReport,,Not Evaluated
CZMRK-0180,397d01199c321e774edaf23a7290fee40f75c6a6,src/Apps/CZ/CoreLocalizationPack/app/Src/Reports/VATReportRequestPageCZL.Report.al,303,ObsoleteAttribute,"[Obsolete('Period selection will no longer be used. The value ""within period"" will always be used for the calculation.', '28.0')",,not CLEAN28,Not Evaluated
CZMRK-0181,397d01199c321e774edaf23a7290fee40f75c6a6,src/Apps/CZ/CoreLocalizationPack/app/Src/TableExtensions/ContactCZL.TableExt.al,75,MutableControlParameter,IsHandled,OnBeforeOnValidateRegistrationNoCZL,,Not Evaluated
CZMRK-0182,397d01199c321e774edaf23a7290fee40f75c6a6,src/Apps/CZ/CoreLocalizationPack/app/Src/TableExtensions/CustLedgerEntryCZL.TableExt.al,192,MutableControlParameter,IsHandled,OnBeforeGetReceivablesAccountNoCZL,,Not Evaluated
CZMRK-0183,397d01199c321e774edaf23a7290fee40f75c6a6,src/Apps/CZ/CoreLocalizationPack/app/Src/TableExtensions/CustomerCZL.TableExt.al,156,MutableControlParameter,IsHandled,OnBeforeOnValidateRegistrationNoCZL,,Not Evaluated
CZMRK-0184,397d01199c321e774edaf23a7290fee40f75c6a6,src/Apps/CZ/CoreLocalizationPack/app/Src/TableExtensions/EmployeeLedgerEntryCZL.TableExt.al,85,MutableControlParameter,IsHandled,OnBeforeGetPayablesAccountNoCZL,,Not Evaluated
CZMRK-0185,397d01199c321e774edaf23a7290fee40f75c6a6,src/Apps/CZ/CoreLocalizationPack/app/Src/TableExtensions/FASetupCZL.TableExt.al,21,MutableControlParameter,IsHandled,OnIsFAAcquisitionAsCustom2CZL,,Not Evaluated
CZMRK-0186,397d01199c321e774edaf23a7290fee40f75c6a6,src/Apps/CZ/CoreLocalizationPack/app/Src/TableExtensions/PurchaseHeaderCZL.TableExt.al,621,MutableControlParameter,IsHandled,OnBeforeGetDefaulBankAccountNoCZL,,Not Evaluated
CZMRK-0187,397d01199c321e774edaf23a7290fee40f75c6a6,src/Apps/CZ/CoreLocalizationPack/app/Src/TableExtensions/PurchaseHeaderCZL.TableExt.al,646,MutableControlParameter,IsHandled,OnBeforeConfirmUpdateAddCurrencyFactorCZL,,Not Evaluated
CZMRK-0188,397d01199c321e774edaf23a7290fee40f75c6a6,src/Apps/CZ/CoreLocalizationPack/app/Src/TableExtensions/PurchaseHeaderCZL.TableExt.al,651,MutableControlParameter,IsHandled,OnBeforeUpdateVATCurrencyFactorCZLByCurrencyFactorCZL,,Not Evaluated
CZMRK-0189,397d01199c321e774edaf23a7290fee40f75c6a6,src/Apps/CZ/CoreLocalizationPack/app/Src/TableExtensions/SalesHeaderCZL.TableExt.al,543,MutableControlParameter,IsHandled,OnBeforeGetDefaulBankAccountNoCZL,,Not Evaluated
CZMRK-0190,397d01199c321e774edaf23a7290fee40f75c6a6,src/Apps/CZ/CoreLocalizationPack/app/Src/TableExtensions/SalesHeaderCZL.TableExt.al,548,MutableControlParameter,IsHandled,OnBeforeConfirmProcessCZL,,Not Evaluated
CZMRK-0191,397d01199c321e774edaf23a7290fee40f75c6a6,src/Apps/CZ/CoreLocalizationPack/app/Src/TableExtensions/SalesHeaderCZL.TableExt.al,578,MutableControlParameter,IsHandled,OnBeforeConfirmUpdateAddCurrencyFactorCZL,,Not Evaluated
CZMRK-0192,397d01199c321e774edaf23a7290fee40f75c6a6,src/Apps/CZ/CoreLocalizationPack/app/Src/TableExtensions/ServiceHeaderCZL.TableExt.al,381,MutableControlParameter,IsHandled,OnBeforeGetDefaulBankAccountNoCZL,,Not Evaluated
CZMRK-0193,397d01199c321e774edaf23a7290fee40f75c6a6,src/Apps/CZ/CoreLocalizationPack/app/Src/TableExtensions/ServiceHeaderCZL.TableExt.al,386,MutableControlParameter,IsHandled,OnBeforeConfirmProcessCZL,,Not Evaluated
CZMRK-0194,397d01199c321e774edaf23a7290fee40f75c6a6,src/Apps/CZ/CoreLocalizationPack/app/Src/TableExtensions/VATAmountLineCZL.TableExt.al,327,MutableControlParameter,IsHandled,OnBeforeGetDocumentVATEntryBufferCZL,,Not Evaluated
CZMRK-0195,397d01199c321e774edaf23a7290fee40f75c6a6,src/Apps/CZ/CoreLocalizationPack/app/Src/TableExtensions/VATAmountLineCZL.TableExt.al,332,MutableControlParameter,IsHandled,OnGetDocumentVATEntryBufferPerDocumentTypeCZL,,Not Evaluated
CZMRK-0196,397d01199c321e774edaf23a7290fee40f75c6a6,src/Apps/CZ/CoreLocalizationPack/app/Src/TableExtensions/VATEntryCZL.TableExt.al,322,MutableControlParameter,IsHandled,OnSetVATStatementReportPeriodSelectionFilterCaseCZL,,Not Evaluated
CZMRK-0197,397d01199c321e774edaf23a7290fee40f75c6a6,src/Apps/CZ/CoreLocalizationPack/app/Src/TableExtensions/VATEntryCZL.TableExt.al,327,MutableControlParameter,IsHandled,OnSetVATStatementReportSelectionFilterCaseCZL,,Not Evaluated
CZMRK-0198,397d01199c321e774edaf23a7290fee40f75c6a6,src/Apps/CZ/CoreLocalizationPack/app/Src/TableExtensions/VATPostingSetupCZL.TableExt.al,132,ObsoleteAttribute,"[Obsolete('Use GetPurchaseLCYCorrRoundingAccCZL function instead.', '28.0')",,not CLEAN28,Not Evaluated
CZMRK-0199,397d01199c321e774edaf23a7290fee40f75c6a6,src/Apps/CZ/CoreLocalizationPack/app/Src/TableExtensions/VATPostingSetupCZL.TableExt.al,203,ObsoleteAttribute,"[Obsolete('Use OnBeforeGetPurchaseLCYCorrRoundingAccCZL integration event instead.', '28.0')",UpdateAllowNonDeductibleVAT,not CLEAN28,Not Evaluated
CZMRK-0200,397d01199c321e774edaf23a7290fee40f75c6a6,src/Apps/CZ/CoreLocalizationPack/app/Src/TableExtensions/VATPostingSetupCZL.TableExt.al,205,MutableControlParameter,IsHandled,OnBeforeGetLCYCorrRoundingAccCZL,not CLEAN28,Not Evaluated
CZMRK-0201,397d01199c321e774edaf23a7290fee40f75c6a6,src/Apps/CZ/CoreLocalizationPack/app/Src/TableExtensions/VATPostingSetupCZL.TableExt.al,211,MutableControlParameter,IsHandled,OnBeforeAssertThatNonDeductibleVATPctIsNotUsedCZL,,Not Evaluated
CZMRK-0202,397d01199c321e774edaf23a7290fee40f75c6a6,src/Apps/CZ/CoreLocalizationPack/app/Src/TableExtensions/VATPostingSetupCZL.TableExt.al,216,MutableControlParameter,IsHandled,OnBeforeGetPurchaseLCYCorrRoundingAccCZL,,Not Evaluated
CZMRK-0203,397d01199c321e774edaf23a7290fee40f75c6a6,src/Apps/CZ/CoreLocalizationPack/app/Src/TableExtensions/VATPostingSetupCZL.TableExt.al,221,MutableControlParameter,IsHandled,OnBeforeGetSalesLCYCorrRoundingAccCZL,,Not Evaluated
CZMRK-0204,397d01199c321e774edaf23a7290fee40f75c6a6,src/Apps/CZ/CoreLocalizationPack/app/Src/TableExtensions/VendorCZL.TableExt.al,156,CommitCall,Commit(,ImportUnrPayerStatusCZL,,Not Evaluated
CZMRK-0205,397d01199c321e774edaf23a7290fee40f75c6a6,src/Apps/CZ/CoreLocalizationPack/app/Src/TableExtensions/VendorCZL.TableExt.al,245,MutableControlParameter,IsHandled,OnBeforeOnValidateRegistrationNoCZL,,Not Evaluated
CZMRK-0206,397d01199c321e774edaf23a7290fee40f75c6a6,src/Apps/CZ/CoreLocalizationPack/app/Src/TableExtensions/VendorLedgerEntryCZL.TableExt.al,192,MutableControlParameter,IsHandled,OnBeforeGetPayablesAccountNoCZL,,Not Evaluated
CZMRK-0207,397d01199c321e774edaf23a7290fee40f75c6a6,src/Apps/CZ/CoreLocalizationPack/app/Src/Tables/CertificateCodeCZL.Table.al,81,MutableControlParameter,IsHandled,OnBeforeFindValidCertificate,,Not Evaluated
CZMRK-0208,397d01199c321e774edaf23a7290fee40f75c6a6,src/Apps/CZ/CoreLocalizationPack/app/Src/Tables/EETEntryCZL.Table.al,770,MutableControlParameter,IsHandled,OnBeforeInitRecord,,Not Evaluated
CZMRK-0209,397d01199c321e774edaf23a7290fee40f75c6a6,src/Apps/CZ/CoreLocalizationPack/app/Src/Tables/EETEntryCZL.Table.al,775,MutableControlParameter,IsHandled,OnBeforeTestReceiptSerialNoSeries,,Not Evaluated
CZMRK-0210,397d01199c321e774edaf23a7290fee40f75c6a6,src/Apps/CZ/CoreLocalizationPack/app/Src/Tables/EETEntryCZL.Table.al,780,MutableControlParameter,IsHandled,OnBeforeGetReceiptSerialNoSeriesCode,,Not Evaluated
CZMRK-0211,397d01199c321e774edaf23a7290fee40f75c6a6,src/Apps/CZ/CoreLocalizationPack/app/Src/Tables/EETEntryCZL.Table.al,785,MutableControlParameter,IsHandled,OnBeforeCancel,,Not Evaluated
CZMRK-0212,397d01199c321e774edaf23a7290fee40f75c6a6,src/Apps/CZ/CoreLocalizationPack/app/Src/Tables/EETEntryCZL.Table.al,790,MutableControlParameter,IsHandled,OnBeforeCalculateAmounts,,Not Evaluated
CZMRK-0213,397d01199c321e774edaf23a7290fee40f75c6a6,src/Apps/CZ/CoreLocalizationPack/app/Src/Tables/EETEntryCZL.Table.al,795,MutableControlParameter,IsHandled,OnBeforeBaseCalculateAmounts,,Not Evaluated
CZMRK-0214,397d01199c321e774edaf23a7290fee40f75c6a6,src/Apps/CZ/CoreLocalizationPack/app/Src/Tables/EETEntryCZL.Table.al,800,MutableControlParameter,IsHandled,OnBeforeChangeStatus,,Not Evaluated
CZMRK-0215,397d01199c321e774edaf23a7290fee40f75c6a6,src/Apps/CZ/CoreLocalizationPack/app/Src/Tables/EETEntryCZL.Table.al,840,MutableControlParameter,IsHandled,OnBeforeCheckSignatureCode,,Not Evaluated
CZMRK-0216,397d01199c321e774edaf23a7290fee40f75c6a6,src/Apps/CZ/CoreLocalizationPack/app/Src/Tables/RegistrationLogCZL.Table.al,205,BindSubscriptionCall,BindSubscription(VATRegLogSuppression),ApplyDetailChanges,,Not Evaluated
CZMRK-0217,397d01199c321e774edaf23a7290fee40f75c6a6,src/Apps/CZ/CoreLocalizationPack/app/Src/Tables/RegistrationLogCZL.Table.al,207,UnbindSubscriptionCall,UnbindSubscription(VATRegLogSuppression),ApplyDetailChanges,,Not Evaluated
CZMRK-0218,397d01199c321e774edaf23a7290fee40f75c6a6,src/Apps/CZ/CoreLocalizationPack/app/Src/Tables/RegistrationLogCZL.Table.al,344,MutableControlParameter,IsHandled,OnBeforeApplyDetailChanges,,Not Evaluated
CZMRK-0219,397d01199c321e774edaf23a7290fee40f75c6a6,src/Apps/CZ/CoreLocalizationPack/app/Src/Tables/RegistrationLogCZL.Table.al,359,MutableControlParameter,IsHandled,OnBeforeValidateField,,Not Evaluated
CZMRK-0220,397d01199c321e774edaf23a7290fee40f75c6a6,src/Apps/CZ/CoreLocalizationPack/app/Src/Tables/VIESDeclarationHeaderCZL.Table.al,865,MutableControlParameter,IsHandled,OnBeforeCheckDeclarationType,,Not Evaluated
CZMRK-0221,397d01199c321e774edaf23a7290fee40f75c6a6,src/Apps/CZ/CoreLocalizationPack/app/Src/Tables/VIESDeclarationHeaderCZL.Table.al,870,MutableControlParameter,IsHandled,OnBeforePrint,,Not Evaluated
CZMRK-0222,397d01199c321e774edaf23a7290fee40f75c6a6,src/Apps/CZ/CoreLocalizationPack/app/Src/Tables/VIESDeclarationLineCZL.Table.al,445,MutableControlParameter,IsHandled,OnBeforeIsVATEntryIncludedToDrillDown,,Not Evaluated
CZMRK-0223,397d01199c321e774edaf23a7290fee40f75c6a6,src/Apps/CZ/CoreLocalizationPack/app/Src/Tables/VIESDeclarationLineCZL.Table.al,450,MutableControlParameter,IsHandled,OnBeforeCheckLineType,,Not Evaluated
CZMRK-0224,397d01199c321e774edaf23a7290fee40f75c6a6,src/Apps/CZ/CoreLocalizationPack/app/Src/Tables/VIESDeclarationLineCZL.Table.al,455,MutableControlParameter,IsHandled,OnBeforeFormatVATRegNo,,Not Evaluated
CZMRK-0225,397d01199c321e774edaf23a7290fee40f75c6a6,src/Apps/CZ/CoreLocalizationPack/app/Src/XmlPorts/VIESDeclarationCZL.XmlPort.al,357,ObsoleteAttribute,"[Obsolete('This function is not used anymore, because the xmlport no longer uses temporary records.', '28.0')",,not CLEAN28,Not Evaluated
CZMRK-0226,397d01199c321e774edaf23a7290fee40f75c6a6,src/Apps/CZ/CoreLocalizationPack/app/Src/XmlPorts/VIESDeclarationCZL.XmlPort.al,364,ObsoleteAttribute,"[Obsolete('This function is not used anymore, because the xmlport no longer uses temporary records.', '28.0')",SetHeader,not CLEAN28,Not Evaluated
CZMRK-0227,397d01199c321e774edaf23a7290fee40f75c6a6,src/Apps/CZ/CoreLocalizationPack/app/Src/XmlPorts/VIESDeclarationCZL.XmlPort.al,395,ObsoleteAttribute,"[Obsolete('This function is not used anymore. The ""Export Amt.inAdd.-CurrencyAmt."" field from VIES Declaration Header is used instead.', '28.0')",DeleteVIESLines,not CLEAN28,Not Evaluated
